Building,mean,min,max,sum
Cafeteria,301.6575342465753,102,499,110105
Dormitory,295.64109589041095,100,498,107909
Library,297.62191780821917,100,494,108632
